Employee_Name,EmpID,MarriedID,MaritalStatusID,GenderID,EmpStatusID,RoleID,LevelID,PerfScoreID,Tribe,Squad,DOB,RaceDesc,DateofHire,DateofTermination,TermReason,EmploymentStatus,RecruitmentSource,EngagementSurvey,EngangementSurveyRound,EmpSatisfaction,SpecialProjectsCount,LastPerformanceReview_Date,DaysLateLast30,Absences
A Ridwan,10001,Belum Menikah,Single,L,TKP/ Outsource,Product Owner,Senior,Exceed,EWD,Evaluate,10/7/1983,Sunda,7/5/2011,,N/A-StillEmployed,Active,LinkedIn,4.6,5,5,0,1/17/2020,0,1
Ade Setyanto,10002,Belum Menikah,Single,L,TKP/ Outsource,Product Owner,Senior,Fully meets,EWD,Pay,5/5/1975,Sunda,3/30/2015,6/16/2018,career change,Voluntarily Terminated,Indeed,4.96,5,3,6,2/24/2017,0,17
Adhitya Bramantya Ranggatyasta,10003,Menikah,Pernah Menikah/Bercerai,P,TKP/ Outsource,Product Owner,Senior,Average,ENT,HunianAja,09/19/88,Jawa,7/5/2011,9/24/2014,hours,Voluntarily Terminated,LinkedIn,3.02,3,3,0,5/15/2013,0,3
Adji Wijaya Kusuma,10004,Belum Menikah,Single,P,TKP/ Outsource,Business Analyst,Middle,Exceed,ENT,Intermoda,09/27/88,Cina,1/7/2008,,N/A-StillEmployed,Active,Indeed,4.84,5,5,0,1/3/2020,0,15
Agus Andri Putra,10005,Belum Menikah,Single,P,Prohire,Business Analyst,Middle,Average,EDU,Squad Pijar Sekolah,8/9/1989,Bali,7/11/2011,9/6/2018,return to school,Voluntarily Terminated,Google Search,5,5,4,0,2/1/2017,0,2
Ahmad Dwi Nugroho,10006,Menikah,Married,P,TKP/ Outsource,Product Owner,Senior,Exceed,COM,ChatAja,05/22/77,Bali,1/9/2012,,N/A-StillEmployed,Active,LinkedIn,5,5,5,0,1/7/2020,0,15
Ahmad Faiz,10007,Menikah,Married,P,TKP/ Outsource,Business Analyst,Junior,Average,COM,Vutura,05/24/79,Padang,11/10/2014,,N/A-StillEmployed,Active,LinkedIn,3.04,3,3,4,1/2/2020,0,19
Ahmad Hari Ramadhan,10008,Menikah,Pernah Menikah/Bercerai,L,TKP/ Outsource,Business Analyst,Junior,Exceed,ENT,Intermoda,02/18/83,Jawa,9/30/2013,,N/A-StillEmployed,Active,Employee Referral,5,5,4,0,2/25/2020,0,19
Ahmad Iswandi,10009,Belum Menikah,Single,P,TKP/ Outsource,Business Analyst,Middle,Exceed,EWD,Sales Cycle  ,11/2/1970,Sunda,7/6/2009,,N/A-StillEmployed,Active,Diversity Job Fair,4.46,4,3,0,1/25/2020,0,4
Ahmad Khaerul,10010,Menikah,Widowed,L,TKP/ Outsource,Product Owner,Middle,Need improvement,EWD,Activate & Install,7/1/1988,Cina,1/5/2015,,N/A-StillEmployed,Active,Indeed,5,5,5,6,2/18/2020,0,16
Ahmad Luthfi Mahar,10011,Menikah,Pernah Menikah/Bercerai,P,TKP/ Outsource,Product Owner,Junior,Fully meets,COM,ChatAja,12/1/1974,Jawa,1/10/2011,1/12/2019,Another position,Voluntarily Terminated,Diversity Job Fair,4.2,4,4,0,1/30/2017,0,12
Akhdiyat Restu Fiqih,10012,Menikah,Pernah Menikah/Bercerai,L,TKP/ Outsource,Product Owner,Junior,Fully meets,COM,UMEETME,02/21/74,Bali,4/2/2012,9/19/2018,unhappy,Voluntarily Terminated,Diversity Job Fair,4.2,4,3,0,5/6/2017,0,15
Alifia Sarah Mardiani,10013,Belum Menikah,Single,L,TKP/ Outsource,Business Analyst,Middle,Need improvement,EWD,Core Domain,4/7/1988,Bali,11/10/2014,,N/A-StillEmployed,Active,Diversity Job Fair,4.28,4,4,5,2/25/2020,0,9
Alwi Khairan Akhmad,10014,Belum Menikah,Single,L,TKP/ Outsource,Product Owner,Junior,Fully meets,EWD,Evaluate,07/20/83,Sunda,2/20/2012,,N/A-StillEmployed,Active,Google Search,4.6,5,4,0,2/14/2020,0,7
Amalia Erza Syafitri,10015,Menikah,Married,L,TKP/ Outsource,UI Designer,Junior,Special treatment,EWD,Pay,07/15/77,Cina,9/24/2012,4/6/2019,Another position,Voluntarily Terminated,On-line Web application,5,5,5,0,3/2/2018,0,1
Amalia Nurul Hidayah,10016,Belum Menikah,Single,L,TKP/ Outsource,UX Designer,Junior,Fully meets,EWD,Sales Cycle,10/18/81,Bali,2/21/2011,8/4/2019,attendance,Terminated for Cause,Google Search,5,5,4,0,4/5/2018,0,20
Andi Yayang Friandi,10017,Belum Menikah,Single,P,TKP/ Outsource,UI Designer,Senior,Fully meets,HLT,PeduliLindungi,04/17/66,Jawa,7/21/2016,,N/A-StillEmployed,Active,Employee Referral,4.4,4,3,0,1/14/2020,0,16
Andika Junisar Putri,10018,Menikah,Pernah Menikah/Bercerai,P,Prohire,UX Designer,Junior,Exceed,COM,OCA,10/27/70,Cina,4/4/2011,,N/A-StillEmployed,Active,Google Search,5,5,5,0,1/14/2020,0,12
Andre,10019,Belum Menikah,Single,P,Prohire,UI Designer,Junior,Fully meets,EDU,Squad Pijar Sekolah,4/4/1986,Padang,7/7/2014,9/12/2017,performance,Terminated for Cause,Google Search,4.5,5,4,5,1/15/2016,0,8
Andri Istiawan,10020,Belum Menikah,Single,L,Prohire,UI Designer,Junior,Special treatment,EWD,Core Domain,6/4/1979,Jawa,7/8/2013,,N/A-StillEmployed,Active,LinkedIn,4.2,4,4,0,1/11/2020,0,13
Andry Purnawati,10021,Belum Menikah,Single,L,TKP/ Outsource,UX Designer,Junior,Average,EWD,Sales Cycle  ,12/22/70,Sunda,4/2/2012,,N/A-StillEmployed,Active,Google Search,5,5,3,0,1/14/2020,0,13
Anita Dwi Kusrini,10022,Menikah,Married,P,TKP/ Outsource,UI Designer,Junior,Special treatment,FIN,Inpoin,12/27/58,Cina,8/19/2013,,N/A-StillEmployed,Active,Indeed,4.2,4,3,0,1/10/2020,0,2
Anjas Syarifudin Maharesi,10023,Menikah,Pernah Menikah/Bercerai,P,Prohire,UX Writer,Senior,Fully meets,FIN,MPS,1/9/1989,Jawa,7/7/2014,,N/A-StillEmployed,Active,Indeed,5,5,3,0,2/27/2020,0,19
Anne Lestari,10024,Menikah,Pernah Menikah/Bercerai,P,Prohire,UX Designer,Junior,Fully meets,EDU,Arkademy ,09/21/90,Padang,4/4/2011,,N/A-StillEmployed,Active,CareerBuilder,2,2,3,0,2/27/2020,2,3
Anshory Muhammad,10025,Menikah,Widowed,P,Prohire,UX Writer,Junior,Special treatment,ENT,MyPertamina,01/16/67,Padang,1/10/2011,4/4/2016,career change,Voluntarily Terminated,Google Search,4.8,5,5,0,3/4/2015,0,5
Arief Luthfi,10026,Belum Menikah,Single,L,TKP/ Outsource,Artificial Intelligent,Junior,Exceed,IHX,Squad B,07/30/64,Cina,2/17/2014,2/19/2018,Learned that he is a gangster,Terminated for Cause,LinkedIn,3.5,4,5,7,1/10/2017,0,2
Arini Indah,10027,Menikah,Widowed,P,TKP/ Outsource,UI Designer,Junior,Average,EDU,Squad Service Core,4/4/1987,Sunda,2/16/2015,,N/A-StillEmployed,Active,Diversity Job Fair,5,5,4,3,2/18/2020,0,4
Arisalsabila Wahyu Bawono,10028,Belum Menikah,Single,L,TKP/ Outsource,Back End Developer,Senior,Average,FIN,Bonum,10/3/1970,Padang,9/30/2013,8/7/2016,retiring,Voluntarily Terminated,Indeed,3.39,3,3,0,2/20/2015,0,14
Arsya Shafira Firstri,10029,Menikah,Pernah Menikah/Bercerai,P,TKP/ Outsource,Back End Developer,Middle,Exceed,ENT,MyPertamina,08/24/90,Padang,4/2/2012,6/15/2015,Another position,Voluntarily Terminated,Google Search,3.35,3,4,0,3/4/2014,0,6
Arwani,10030,Belum Menikah,Single,P,TKP/ Outsource,Front End Developer,Junior,Exceed,EDU,Squad Service Core,11/24/87,Bali,10/27/2008,,N/A-StillEmployed,Active,Diversity Job Fair,4.5,5,2,6,1/15/2020,0,14
Asep Yuhana,10031,Belum Menikah,Single,L,TKP/ Outsource,Front End Developer,Middle,Exceed,FIN,Bonum,07/28/83,Padang,9/29/2014,,N/A-StillEmployed,Active,Google Search,3.19,3,3,0,2/1/2020,0,9
Asfah Faela Shufa,10032,Menikah,Married,P,TKP/ Outsource,Front End Developer,Senior,Average,EWD,Sales Cycle,10/30/69,Cina,11/11/2013,,N/A-StillEmployed,Active,Diversity Job Fair,3.5,4,5,0,1/21/2020,0,17
Astria Karismawati,10033,Belum Menikah,Single,P,TKP/ Outsource,Front End Developer,Middle,Fully meets,EWD,RPA & Profitability,1/6/1964,Cina,8/15/2011,8/2/2016,Another position,Voluntarily Terminated,Google Search,3.14,3,5,0,2/10/2014,1,19
Astrid Noviasari Suprapto,10034,Menikah,Pernah Menikah/Bercerai,P,TKP/ Outsource,Back End Developer,Senior,Fully meets,IHX,Squad C,2/3/1980,Bali,3/5/2012,,N/A-StillEmployed,Active,Employee Referral,4.51,5,4,0,2/21/2020,0,3
Aulia Eka Fitriani,10035,Menikah,Married,L,TKP/ Outsource,Mobile Developer Android,Junior,Fully meets,ENT,MyPertamina,08/19/77,Sunda,4/4/2011,,N/A-StillEmployed,Active,Indeed,3.25,3,5,0,1/14/2020,0,15
Aura Camellia Ludica,10036,Belum Menikah,Single,L,TKP/ Outsource,Back End Developer,Junior,Need improvement,FIN,Platform,11/22/66,Cina,8/15/2011,,N/A-StillEmployed,Active,Google Search,3.84,4,3,5,1/21/2020,0,4
Aviall Anggraina,10037,Belum Menikah,Single,L,TKP/ Outsource,Back End Developer,Junior,Fully meets,HLT,PeduliLindungi,9/8/1983,Jawa,1/28/2016,,N/A-StillEmployed,Active,Indeed,5,5,3,0,2/22/2020,0,14
Ayu Bintang Nurrachma Gunawan,10038,Belum Menikah,Single,P,TKP/ Outsource,Back End Developer,Middle,Need improvement,HLT,PeduliLindungi,5/4/1987,Padang,11/11/2013,,N/A-StillEmployed,Active,Indeed,4.96,5,4,6,1/30/2020,0,3
Ayu Prihatini Novianingrum Romadani,10039,Menikah,Pernah Menikah/Bercerai,L,Prohire,Front End Developer,Junior,Fully meets,IHX,Lead/Reviewer/Maintener,2/2/1983,Bali,3/31/2014,,N/A-StillEmployed,Active,LinkedIn,4.43,4,3,0,2/1/2020,0,14
Bagus,10040,Belum Menikah,Single,P,Prohire,Back End Developer,Junior,Fully meets,IHX,Squad B,6/6/1986,Sunda,6/30/2016,,N/A-StillEmployed,Active,LinkedIn,5,5,5,6,2/18/2020,0,7
Bagus Indra Febrianto,10041,Belum Menikah,Single,P,Prohire,Mobile Developer Android,Junior,Special treatment,IHX,Squad D,05/15/63,Padang,8/18/2014,,N/A-StillEmployed,Active,Indeed,5,5,5,0,1/21/2020,0,7
Bagus Tri Harjanto,10042,Menikah,Married,P,TKP/ Outsource,Back End Developer,Middle,Fully meets,EWD,Explore,2/1/1951,Bali,9/29/2014,,N/A-StillEmployed,Active,Google Search,5,5,4,0,2/12/2020,0,11
Bayu Aji Kurniawan,10043,Menikah,Married,L,TKP/ Outsource,Back End Developer,Junior,Average,FIN,Inpoin,9/2/1972,Cina,9/6/2016,,N/A-StillEmployed,Active,Indeed,4.5,5,5,7,1/15/2020,0,8
Bayu Anugrah,10044,Menikah,Pernah Menikah/Bercerai,P,TKP/ Outsource,Back End Developer,Junior,Average,EWD,AM Performance,12/2/1979,Bali,5/12/2014,,N/A-StillEmployed,Active,Indeed,3.3,3,4,0,2/19/2020,0,11
Bayusandya Tresnayatna,10045,Belum Menikah,Single,L,TKP/ Outsource,Back End Developer,Senior,Need improvement,ENT,MyPertamina,08/24/83,Padang,7/8/2013,,N/A-StillEmployed,Active,LinkedIn,3.8,4,5,0,1/14/2020,0,4
Brilliant Djaka Irfanudin Rofiq,10046,Belum Menikah,Single,L,TKP/ Outsource,Front End Developer,Middle,Exceed,FIN,Inpoin,11/6/1970,Bali,5/14/2012,,N/A-StillEmployed,Active,Employee Referral,3,3,5,0,1/19/2020,0,17
Burhanudin Ramdhani,10047,Menikah,Married,P,TKP/ Outsource,Back End Developer,Junior,Average,FIN,Bonum,08/27/83,Jawa,6/27/2011,11/15/2017,relocation out of area,Voluntarily Terminated,Indeed,4.3,4,4,0,3/10/2016,0,3
Calvinza Herman,10048,Belum Menikah,Single,P,Prohire,Back End Developer,Junior,Average,LGT,Logee Truck Web,05/31/88,Sunda,10/3/2011,,N/A-StillEmployed,Active,Indeed,3.58,4,5,0,1/30/2020,0,3
Chika Mareyza Anjani,10049,Menikah,Married,L,TKP/ Outsource,Front End Developer,Junior,Fully meets,EDU,Squad Control Tower,5/9/1985,Padang,9/5/2012,,N/A-StillEmployed,Active,Indeed,4.7,5,3,6,2/27/2020,0,2
Christi Yanti Pardede,10050,Belum Menikah,Single,P,TKP/ Outsource,Front End Developer,Junior,Fully meets,EDU,Squad Pijar Corpu,08/31/81,Bali,5/16/2011,1/7/2015,unhappy,Voluntarily Terminated,Google Search,4.2,4,5,0,5/3/2013,0,9
Christian S. X. Kembuan,10051,Menikah,Pernah Menikah/Bercerai,L,TKP/ Outsource,Back End Developer,Senior,Average,COM,ChatAja,11/25/78,Sunda,8/30/2010,9/26/2013,career change,Voluntarily Terminated,Indeed,4.2,4,4,0,5/4/2012,0,6
Cipta Pakarti Puji Akasyah,10052,Menikah,Pernah Menikah/Bercerai,L,TKP/ Outsource,Mobile Developer Android,Senior,Special treatment,FIN,MPS,08/26/80,Bali,7/6/2016,,N/A-StillEmployed,Active,Employee Referral,4.1,4,4,0,2/28/2020,0,5
Claudia Cahya P,10053,Menikah,Widowed,L,TKP/ Outsource,System Documentation,Junior,Need improvement,LGT,Logee Truck All Product,8/9/1977,Padang,7/8/2013,,N/A-StillEmployed,Active,Employee Referral,4.4,4,5,0,1/14/2020,0,3
Darin Afaf Rafinda,10054,Belum Menikah,Single,L,TKP/ Outsource,Front End Developer,Junior,Fully meets,VGA,Ads Based,12/8/1979,Jawa,7/11/2011,9/23/2018,performance,Terminated for Cause,LinkedIn,2,2,3,0,5/1/2017,5,16
David Suryana Adie,10055,Belum Menikah,Single,L,TKP/ Outsource,Front End Developer,Middle,Need improvement,VGA,IndiBOX Apps,12/17/75,Sunda,7/20/2010,,N/A-StillEmployed,Active,CareerBuilder,4.13,4,2,0,1/14/2020,3,3
Debby Safira,10056,Belum Menikah,Single,L,TKP/ Outsource,Front End Developer,Junior,Exceed,IHL,IndiHome Smart,03/19/83,Jawa,1/5/2009,,N/A-StillEmployed,Active,Indeed,3.7,4,5,0,2/4/2020,0,15
Deddy Nur Hidayat,10057,Menikah,Married,P,TKP/ Outsource,Front End Developer,Senior,Fully meets,IHL,IndiHome Study,03/31/77,Jawa,1/5/2015,,N/A-StillEmployed,Active,Indeed,4.73,5,5,0,2/14/2020,0,6
Delicia Generis Humani,10058,Menikah,Married,L,TKP/ Outsource,Front End Developer,Junior,Exceed,FIN,Platform,08/26/86,Cina,3/30/2015,,N/A-StillEmployed,Active,Indeed,3.04,3,3,6,1/22/2020,0,2
Denandra Prasetya Laksma Putra,10059,Menikah,Married,P,TKP/ Outsource,Front End Developer,Senior,Average,FIN,Platform,10/4/1987,Bali,7/6/2016,,N/A-StillEmployed,Active,LinkedIn,4.12,4,5,0,1/28/2020,0,15
Dendy Ramdhan Fauzy,10060,Belum Menikah,Single,L,TKP/ Outsource,Back End Developer,Junior,Need improvement,IHX,Squad B,9/9/1965,Padang,11/10/2014,,N/A-StillEmployed,Active,Employee Referral,5,5,3,4,1/2/2020,0,5
Devi,10061,Belum Menikah,Single,P,TKP/ Outsource,Back End Developer,Senior,Exceed,IHX,Squad C,04/19/90,Bali,5/5/2014,,N/A-StillEmployed,Active,Indeed,4.62,5,4,0,1/24/2020,0,8
Dewi Hapsari,10062,Menikah,Pernah Menikah/Bercerai,P,TKP/ Outsource,Front End Developer,Senior,Exceed,EWD,Refactoring New IA,01/18/52,Cina,11/10/2014,,N/A-StillEmployed,Active,LinkedIn,3.1,3,5,8,2/12/2020,0,19
Dewi Rahayu,10063,Menikah,Widowed,P,Prohire,Mobile Developer Android,Senior,Need improvement,VGA,Ads Based,5/11/1978,Sunda,7/2/2012,,N/A-StillEmployed,Active,Indeed,5,5,3,0,2/25/2020,0,1
Dhieo Deva Alavanta,10064,Menikah,Widowed,L,TKP/ Outsource,Mobile Developer Android,Junior,Special treatment,VGA,IndiBOX Apps,09/14/79,Cina,11/7/2011,,N/A-StillEmployed,Active,LinkedIn,3.96,4,4,0,2/27/2020,0,6
Dian Putri Paramitha Rais,10065,Menikah,Married,L,TKP/ Outsource,Back End Developer,Junior,Exceed,ENT,MyPertamina,04/15/88,Bali,7/9/2018,,N/A-StillEmployed,Active,Indeed,4.3,4,4,3,1/31/2020,2,2
Difa Al,10066,Menikah,Married,L,TKP/ Outsource,Mobile Developer Android,Junior,Need improvement,EDU,Squad Service Core,10/31/77,Cina,5/16/2011,6/8/2018,unhappy,Voluntarily Terminated,Indeed,5,5,4,0,4/2/2017,0,14
Dimas Bayu Suseno,10067,Belum Menikah,Single,P,TKP/ Outsource,Mobile Developer Android,Junior,Fully meets,COM,ChatAja,5/7/1979,Jawa,1/9/2012,,N/A-StillEmployed,Active,CareerBuilder,3.79,4,5,5,1/25/2020,0,8
Dimas Pratama,10068,Belum Menikah,Single,L,TKP/ Outsource,Mobile Developer iOS,Middle,Fully meets,COM,ChatAja,2/11/1975,Sunda,9/29/2014,,N/A-StillEmployed,Active,Indeed,1.93,2,3,0,1/30/2020,6,5
Dini Agustini Fajri,10069,Menikah,Married,P,TKP/ Outsource,Back End Developer,Middle,Exceed,VGA,Ads Based,02/25/51,Sunda,4/4/2011,11/4/2017,more money,Voluntarily Terminated,Google Search,4.62,5,5,0,5/6/2016,0,1
Dwi Erviana,10070,Menikah,Widowed,L,TKP/ Outsource,Back End Developer,Junior,Average,IHL,IndiHome Smart,04/19/67,Bali,7/7/2014,,N/A-StillEmployed,Active,Indeed,1.12,1,2,0,1/31/2020,4,9
Dyva Agna Fauzan,10071,Menikah,Pernah Menikah/Bercerai,L,TKP/ Outsource,Front End Developer,Junior,Exceed,EDU,Squad Pijar Corpu,4/9/1983,Cina,2/15/2017,,N/A-StillEmployed,Active,Indeed,3.01,3,5,7,1/23/2020,0,15
Egi Chandra Legita,10072,Menikah,Pernah Menikah/Bercerai,L,TKP/ Outsource,Back End Developer,Junior,Average,EWD,Delivery & Project Mgt,11/15/82,Cina,5/12/2014,,N/A-StillEmployed,Active,Indeed,4.3,4,4,0,2/19/2020,0,1
Egy Haekal Achmad,10073,Menikah,Widowed,P,TKP/ Outsource,Front End Developer,Middle,Special treatment,ENT,NETMONK,05/14/87,Cina,2/20/2012,,N/A-StillEmployed,Active,Website,2.3,2,1,0,1/29/2020,2,17
Eka Risyana Pribadi,10074,Menikah,Widowed,P,TKP/ Outsource,Front End Developer,Middle,Average,EWD,Evaluate,2/12/1978,Bali,1/7/2013,,N/A-StillEmployed,Active,Indeed,3.88,4,4,0,1/18/2020,0,6
Eki Mandjasari,10075,Menikah,Pernah Menikah/Bercerai,P,TKP/ Outsource,Back End Developer,Junior,Average,EWD,Pay,7/10/1986,Jawa,4/2/2012,,N/A-StillEmployed,Active,CareerBuilder,3.4,3,5,0,2/19/2020,0,15
Eki Rizki Pratama Putra,10076,Menikah,Pernah Menikah/Bercerai,P,TKP/ Outsource,DevOps Engineer,Junior,Special treatment,EWD,Payment - SSOF,07/18/88,Jawa,1/5/2015,,N/A-StillEmployed,Active,Employee Referral,4.11,4,4,6,2/25/2020,0,16
Enny,10077,Belum Menikah,Single,L,TKP/ Outsource,Front End Developer,Middle,Average,EDU,Squad Pijar Corpu,9/7/1970,Bali,1/5/2014,,N/A-StillEmployed,Active,Indeed,4.3,4,5,5,1/4/2020,0,4
Erdin Suharyadi,10078,Belum Menikah,Single,P,TKP/ Outsource,Back End Developer,Senior,Average,EDU,Squad Pijar Sekolah,8/11/1988,Padang,1/10/2011,,N/A-StillEmployed,Active,Indeed,4.77,5,5,0,1/27/2020,0,14
Ester Vanessa,10079,Belum Menikah,Single,P,TKP/ Outsource,Back End Developer,Senior,Fully meets,COM,UMEETME,11/28/73,Cina,9/18/2014,,N/A-StillEmployed,Active,Google Search,4.52,5,4,0,1/15/2020,0,4
Estha Triani Juansah,10080,Menikah,Widowed,P,TKP/ Outsource,System Documentation,Junior,Exceed,COM,ChatAja,09/23/73,Bali,4/26/2010,,N/A-StillEmployed,Active,Google Search,2.9,3,3,0,1/21/2020,0,6
Evi Sitorus,10081,Menikah,Widowed,P,TKP/ Outsource,Front End Developer,Junior,Average,EWD,Product & Content Management System,5/9/1991,Cina,4/4/2011,6/6/2019,military,Voluntarily Terminated,Google Search,5,5,3,0,4/9/2018,0,7
Fadilla Nur Elminasari,10082,Belum Menikah,Single,L,TKP/ Outsource,Back End Developer,Middle,Special treatment,ENT,MyPertamina,05/31/74,Jawa,11/10/2014,,N/A-StillEmployed,Active,LinkedIn,4.7,5,5,0,2/13/2020,0,8
Fahmi Alhafid,10083,Belum Menikah,Single,L,TKP/ Outsource,Back End Developer,Junior,Average,COM,UMEETME,08/25/78,Sunda,3/31/2014,,N/A-StillEmployed,Active,Employee Referral,4.2,4,3,0,1/11/2020,0,3
Fairuzh Shalma N,10084,Belum Menikah,Single,P,TKP/ Outsource,Back End Developer,Junior,Average,COM,Vutura,08/25/89,Cina,7/7/2014,,N/A-StillEmployed,Active,Indeed,3,3,1,0,2/25/2020,2,5
Faisal Fahlevi,10085,Belum Menikah,Single,L,Prohire,Front End Developer,Senior,Need improvement,IHX,Squad D,2/9/1983,Padang,4/2/2012,9/27/2020,attendance,Terminated for Cause,Google Search,5,5,4,0,4/12/2019,5,16
Faishal Mahdy Nail,10086,Belum Menikah,Single,P,Prohire,Back End Developer,Senior,Average,COM,Vutura,6/5/1989,Jawa,2/17/2014,2/25/2020,"no-call, no-show",Terminated for Cause,Google Search,2.3,2,3,0,1/15/2018,5,19
Fajar Lesmana,10087,Menikah,Married,P,TKP/ Outsource,Back End Developer,Junior,Average,VGA,IndiBOX Apps,05/15/87,Bali,5/2/2011,6/5/2015,attendance,Terminated for Cause,Indeed,2.1,2,5,4,8/10/2013,4,19
Fakhri Ridho Dhiyamatra,10088,Menikah,Pernah Menikah/Bercerai,P,TKP/ Outsource,Front End Developer,Junior,Fully meets,EDU,Squad Service Core,09/22/78,Cina,7/7/2014,,N/A-StillEmployed,Active,LinkedIn,4.4,4,5,0,2/22/2020,0,17
Fany Amalia,10089,Belum Menikah,Single,P,TKP/ Outsource,Front End Developer,Senior,Need improvement,COM,Vutura,09/27/87,Cina,2/17/2014,,N/A-StillEmployed,Active,LinkedIn,4,4,4,0,1/7/2020,0,7
Faraz Ayudia A,10090,Belum Menikah,Single,P,TKP/ Outsource,Back End Developer,Middle,Exceed,EWD,RPA & Profitability,04/14/55,Jawa,11/7/2011,5/17/2018,military,Voluntarily Terminated,Google Search,3.13,3,3,0,2/4/2017,0,16
Fauza Alfisyahrin,10091,Belum Menikah,Single,L,TKP/ Outsource,Mobile Developer Android,Middle,Need improvement,IHX,Squad B,10/18/89,Jawa,5/11/2015,,N/A-StillEmployed,Active,Indeed,1.56,2,5,0,1/3/2020,6,15
Fauzan Indra,10092,Belum Menikah,Single,L,TKP/ Outsource,Back End Developer,Junior,Exceed,IHX,Squad D,06/18/87,Padang,3/30/2015,,N/A-StillEmployed,Active,LinkedIn,1.2,1,3,6,2/4/2020,3,2
Fauzi Radian Hantoro,10093,Menikah,Widowed,P,TKP/ Outsource,Mobile Developer Android,Junior,Average,EWD,Data & Dashboard Analytics,03/16/81,Padang,1/9/2012,,N/A-StillEmployed,Active,Google Search,5,5,5,0,1/29/2020,0,19
Fauzi Zaki Ma'ruf,10094,Belum Menikah,Single,L,TKP/ Outsource,Mobile Developer Android,Middle,Fully meets,EWD,Explore,1/10/1981,Sunda,5/16/2011,6/24/2015,hours,Voluntarily Terminated,Google Search,4.76,5,5,0,4/5/2014,0,20
Febby Wijaya,10095,Menikah,Married,P,TKP/ Outsource,Back End Developer,Junior,Need improvement,ENT,NETMONK,8/11/1983,Padang,4/4/2011,1/9/2015,career change,Voluntarily Terminated,Google Search,3.66,4,3,0,1/7/2013,0,6
Ferli,10096,Belum Menikah,Single,L,TKP/ Outsource,Back End Developer,Junior,Average,EWD,RPA & Profitability,7/7/1975,Sunda,9/29/2014,8/19/2020,Fatal attraction,Terminated for Cause,Employee Referral,2,2,5,0,1/28/2020,4,7
Fikri Akbar,10097,Menikah,Pernah Menikah/Bercerai,L,TKP/ Outsource,Back End Developer,Junior,Average,EWD,Explore,5/7/1980,Sunda,4/15/2011,,N/A-StillEmployed,Active,Indeed,5,5,5,5,1/7/2020,0,15
Fikri Auliya Rahman,10098,Menikah,Married,P,TKP/ Outsource,Front End Developer,Senior,Fully meets,COM,ChatAja,04/16/79,Padang,1/5/2009,,N/A-StillEmployed,Active,Other,5,5,3,2,2/8/2020,0,3
Fransky,10099,Belum Menikah,Single,L,TKP/ Outsource,System Documentation,Junior,Average,FIN,MPS,08/28/63,Cina,9/6/2011,,N/A-StillEmployed,Active,CareerBuilder,4.3,4,3,0,1/27/2020,2,7
Freza Nugraha,10100,Belum Menikah,Single,P,Prohire,System Documentation,Junior,Exceed,FIN,Inpoin,6/7/1968,Padang,5/1/2010,,N/A-StillEmployed,Active,LinkedIn,4.7,5,4,5,2/1/2020,0,1
Gabe Rizky Putra,10101,Menikah,Pernah Menikah/Bercerai,L,Prohire,Back End Developer,Middle,Need improvement,COM,ChatAja,09/15/85,Bali,3/30/2015,,N/A-StillEmployed,Active,Employee Referral,4.5,5,3,0,2/18/2020,0,5
Gana,10102,Menikah,Married,P,Prohire,Back End Developer,Junior,Fully meets,ENT,Intermoda,2/12/1983,Cina,5/16/2011,,N/A-StillEmployed,Active,LinkedIn,4.2,4,4,0,2/26/2020,0,12
Gema Saputera,10103,Belum Menikah,Single,P,Prohire,Back End Developer,Junior,Fully meets,COM,ChatAja,1/10/1990,Jawa,3/30/2015,,N/A-StillEmployed,Active,LinkedIn,3.73,4,3,0,1/16/2020,0,19
Gerald Ghibran Gunasha,10104,Belum Menikah,Single,P,TKP/ Outsource,Back End Developer,Senior,Special treatment,FIN,GTM,05/15/70,Jawa,11/7/2011,11/15/2018,hours,Voluntarily Terminated,Diversity Job Fair,4.24,4,4,0,4/29/2017,0,2
Geraldy Martin Pangabean,10105,Belum Menikah,Single,P,TKP/ Outsource,Back End Developer,Junior,Fully meets,EWD,Active & Install,10/7/1971,Sunda,7/7/2014,9/5/2017,attendance,Terminated for Cause,CareerBuilder,3.97,4,4,0,1/15/2015,0,7
Gilang Ramadhan,10106,Menikah,Widowed,L,TKP/ Outsource,Front End Developer,Junior,Fully meets,EWD,Evaluate,9/8/1974,Cina,4/2/2012,6/25/2017,military,Voluntarily Terminated,Diversity Job Fair,3.97,4,4,0,1/20/2016,3,15
Gilbi,10107,Menikah,Widowed,P,Prohire,Back End Developer,Junior,Special treatment,EWD,Explore,8/5/1980,Bali,9/29/2014,,N/A-StillEmployed,Active,Indeed,3.9,4,4,0,2/7/2020,0,3
Giska Adilah Sharfina Saputra,10108,Menikah,Widowed,P,TKP/ Outsource,Front End Developer,Junior,Fully meets,EWD,Get Support & Terminated,09/22/89,Padang,2/16/2015,,N/A-StillEmployed,Active,Indeed,4.5,5,5,0,1/25/2020,0,20
Gusti Zainokta,10109,Menikah,Married,P,TKP/ Outsource,Back End Developer,Junior,Average,EWD,Pay,10/23/71,Cina,2/16/2015,3/15/2017,"no-call, no-show",Terminated for Cause,Indeed,4.6,5,4,4,1/20/2016,0,10
Hadi,10110,Belum Menikah,Single,L,TKP/ Outsource,Mobile Developer iOS,Junior,Fully meets,ENT,HunianAja,11/24/89,Jawa,3/30/2015,,N/A-StillEmployed,Active,LinkedIn,4.3,4,5,7,1/10/2020,0,20
Hadi Purnomo,10111,Menikah,Widowed,P,Prohire,Back End Developer,Junior,Average,ENT,Intermoda,06/18/92,Sunda,11/11/2013,,N/A-StillEmployed,Active,Indeed,4.3,4,5,0,2/18/2020,0,7
Hakim Rizki Pratama,10112,Belum Menikah,Single,L,TKP/ Outsource,Back End Developer,Senior,Average,FIN,Inpoin,09/29/69,Padang,7/11/2011,,N/A-StillEmployed,Active,Diversity Job Fair,4.5,5,4,0,2/18/2020,0,1
Halah Helmia Wahdah,10113,Menikah,Married,L,TKP/ Outsource,Back End Developer,Junior,Average,EWD,Data & Dashboard Analytics,12/10/1964,Bali,4/26/2010,5/30/2013,career change,Voluntarily Terminated,Diversity Job Fair,3,3,3,0,3/6/2012,3,10
Hammad Bhat,10114,Belum Menikah,Single,P,Prohire,Back End Developer,Senior,Exceed,EWD,Explore,04/16/81,Jawa,1/5/2015,,N/A-StillEmployed,Active,Employee Referral,4.61,5,4,5,1/28/2020,0,11
Hanif Maghfur,10115,Menikah,Married,P,TKP/ Outsource,Back End Developer,Middle,Average,EWD,AM Performance,05/25/86,Cina,5/12/2014,,N/A-StillEmployed,Active,LinkedIn,4.6,5,3,0,2/7/2020,0,20
Hans Christian Saragih,10116,Belum Menikah,Single,L,TKP/ Outsource,Front End Developer,Middle,Average,EWD,Delivery & Project Mgt,05/21/79,Bali,7/2/2012,,N/A-StillEmployed,Active,LinkedIn,5,5,3,0,1/14/2020,0,2
Hardeni Jumaidi,10117,Menikah,Married,P,TKP/ Outsource,Back End Developer,Middle,Fully meets,EWD,Evaluate,8/12/1983,Jawa,9/30/2013,,N/A-StillEmployed,Active,Google Search,4.4,4,5,0,2/21/2020,0,1
Harsa,10118,Belum Menikah,Single,P,TKP/ Outsource,Back End Developer,Junior,Average,EWD,Get Support,9/10/1974,Padang,8/19/2013,,N/A-StillEmployed,Active,LinkedIn,4.1,4,5,0,2/15/2020,0,3
Hasanal Bulkiah,10119,Menikah,Widowed,L,TKP/ Outsource,Front End Developer,Junior,Exceed,EWD,Get Support & Terminated,11/7/1981,Bali,6/2/2015,,N/A-StillEmployed,Active,Employee Referral,4.63,5,3,0,1/4/2020,0,2
Hasbi Nur Fadhil,10120,Menikah,Widowed,P,TKP/ Outsource,Front End Developer,Junior,Average,EWD,Pay,05/21/83,Bali,2/21/2011,1/11/2016,more money,Voluntarily Terminated,CareerBuilder,5,5,5,0,6/3/2014,0,17
Hazrul Saktio Ramadhana,10121,Belum Menikah,Single,L,TKP/ Outsource,Back End Developer,Junior,Exceed,EWD,Payment - SSOF,06/30/89,Padang,4/20/2017,,N/A-StillEmployed,Active,Indeed,4.2,4,5,5,1/28/2020,0,8
Herdis Suryatna,10122,Belum Menikah,Single,L,TKP/ Outsource,Front End Developer,Junior,Exceed,HLT,Pre Vaksinasi,9/2/1969,Bali,3/7/2012,10/31/2016,relocation out of area,Voluntarily Terminated,LinkedIn,4.5,5,5,0,2/1/2014,0,20
Hervita Ayu Andini,10123,Belum Menikah,Single,P,TKP/ Outsource,Front End Developer,Senior,Special treatment,HLT,Vaksinasi,03/23/77,Jawa,11/28/2011,,N/A-StillEmployed,Active,Google Search,4.2,4,4,0,2/22/2020,0,13
Hilman Zakky,10124,Menikah,Married,L,TKP/ Outsource,Back End Developer,Junior,Average,FIN,Platform,10/8/1988,Bali,11/11/2013,,N/A-StillEmployed,Active,LinkedIn,5,5,3,0,1/8/2020,0,20
Idham Muhammad Irfani,10125,Menikah,Widowed,P,TKP/ Outsource,Back End Developer,Middle,Fully meets,EWD,Data & Dashboard Analytics,08/18/52,Padang,1/9/2012,12/15/2017,retiring,Voluntarily Terminated,CareerBuilder,4.64,5,4,0,5/2/2016,0,8
Ignatius Nicolas Harman,10126,Menikah,Married,P,TKP/ Outsource,Software Architect,Middle,Exceed,ENT,MyPertamina,2/5/1974,Jawa,5/12/2014,,N/A-StillEmployed,Active,CareerBuilder,4.76,5,4,0,2/15/2020,0,5
Ikhsan Dwi Murtiyanto,10127,Menikah,Widowed,L,TKP/ Outsource,Front End Developer,Middle,Exceed,ENT,MyPertamina,4/1/1984,Cina,8/13/2012,,N/A-StillEmployed,Active,Google Search,4.17,4,4,0,2/11/2020,0,1
Ilham Abdul Malik,10128,Belum Menikah,Single,P,TKP/ Outsource,Back End Developer,Junior,Fully meets,EDU,Squad Pijar Sekolah,08/27/72,Jawa,1/10/2011,6/18/2015,hours,Voluntarily Terminated,CareerBuilder,5,5,3,0,1/30/2014,0,15
Ilham Setiabudi,10129,Belum Menikah,Single,L,TKP/ Outsource,Back End Developer,Junior,Need improvement,VGA,IndiBOX Apps,09/14/88,Padang,8/18/2014,,N/A-StillEmployed,Active,Indeed,3.6,4,5,0,1/30/2020,0,9
Inda Novelia,10130,Belum Menikah,Single,P,TKP/ Outsource,Back End Developer,Senior,Fully meets,IHL,IndiBOX STB,02/16/84,Bali,8/15/2011,4/7/2014,relocation out of area,Voluntarily Terminated,Indeed,3.03,3,5,0,3/5/2013,0,16
Indriani Tiosari Sitorus,10131,Menikah,Married,P,TKP/ Outsource,Mobile Developer Android,Junior,Exceed,FIN,Platform,02/21/84,Padang,3/30/2015,,N/A-StillEmployed,Active,Indeed,4.48,4,5,6,1/3/2020,0,4
Iqbal,10132,Menikah,Married,P,TKP/ Outsource,Mobile Developer Android,Junior,Fully meets,EWD,Core Domain,03/17/66,Padang,5/5/2014,,N/A-StillEmployed,Active,LinkedIn,4.5,5,4,0,1/21/2020,0,19
Iqbal Restu Maulana,10133,Menikah,Widowed,P,TKP/ Outsource,Front End Developer,Senior,Average,EWD,Get Support,09/16/85,Padang,2/16/2015,4/15/2017,"no-call, no-show",Terminated for Cause,Indeed,3.24,3,3,4,4/15/2016,0,6
Irfan Hafizh Tawakal,10134,Menikah,Widowed,P,TKP/ Outsource,Back End Developer,Junior,Fully meets,EDU,Squad Pijar Sekolah,10/6/1986,Cina,2/20/2012,,N/A-StillEmployed,Active,LinkedIn,4.8,5,4,0,1/7/2020,0,4
Irfan Naufal Ridi,10135,Menikah,Married,P,TKP/ Outsource,Back End Developer,Junior,Exceed,EDU,Squad Service Core,11/3/1984,Cina,6/6/2016,,N/A-StillEmployed,Active,LinkedIn,3,3,5,0,1/18/2020,0,4
Irham Raziqony,10136,Menikah,Widowed,P,TKP/ Outsource,Back End Developer,Junior,Average,EDU,Squad Control Tower,7/5/1992,Bali,6/5/2015,,N/A-StillEmployed,Active,Indeed,4.5,5,3,0,2/14/2020,0,6
Irman Juliansyah,10137,Belum Menikah,Single,P,TKP/ Outsource,System Documentation,Middle,Need improvement,EDU,Squad Service Core,09/22/76,Cina,2/21/2011,4/1/2015,unhappy,Voluntarily Terminated,Google Search,3.72,4,3,0,2/1/2014,0,18
Ismi Dwi Lestari,10138,Belum Menikah,Single,L,TKP/ Outsource,Front End Developer,Junior,Need improvement,COM,UMEETME,11/15/76,Bali,2/21/2011,9/24/2014,unhappy,Voluntarily Terminated,Indeed,2.34,2,2,0,4/12/2013,3,4
Ismi Narti,10139,Belum Menikah,Single,P,Prohire,Front End Developer,Senior,Exceed,IHL,IndiHome Smart,01/28/91,Padang,8/19/2013,,N/A-StillEmployed,Active,Indeed,3.99,4,3,0,1/14/2020,0,14
Jafar Haritsah,10140,Belum Menikah,Single,P,TKP/ Outsource,Back End Developer,Junior,Fully meets,VGA,UseeTV Go,11/9/1972,Cina,11/5/2012,,N/A-StillEmployed,Active,LinkedIn,4.1,4,3,0,1/17/2020,0,7
Jessica Shopia Alussy,10141,Belum Menikah,Single,P,TKP/ Outsource,Mobile Developer Android,Junior,Fully meets,COM,ChatAja,03/22/66,Sunda,9/30/2013,,N/A-StillEmployed,Active,Employee Referral,4.3,4,5,0,2/22/2020,0,7
Jonior Prabowo,10142,Belum Menikah,Single,P,TKP/ Outsource,Mobile Developer Android,Junior,Exceed,LGT,Logee Truck Apps,6/11/1986,Bali,7/5/2011,,N/A-StillEmployed,Active,LinkedIn,4.6,5,4,0,2/25/2020,0,11
Karang Reksa,10143,Menikah,Pernah Menikah/Bercerai,P,TKP/ Outsource,Front End Developer,Junior,Need improvement,EWD,Sales Cycle  ,04/13/64,Sunda,1/6/2014,,N/A-StillEmployed,Active,LinkedIn,5,5,5,0,1/21/2020,0,9
Karina Emelia,10144,Menikah,Widowed,L,Prohire,Scrum Master,Junior,Need improvement,COM,Vutura,08/19/59,Jawa,11/7/2011,4/29/2020,more money,Voluntarily Terminated,CareerBuilder,4.7,5,4,0,2/14/2019,0,9
Kevin Martinda Sodikin,10145,Belum Menikah,Single,P,TKP/ Outsource,DevOps Engineer,Middle,Need improvement,COM,Vutura,7/11/1986,Bali,1/5/2015,,N/A-StillEmployed,Active,Indeed,3.75,4,3,5,2/11/2020,0,2
Khalisa Syahba,10146,Menikah,Married,P,Prohire,Back End Developer,Senior,Average,IHX,Squad B,8/9/1969,Padang,7/7/2014,,N/A-StillEmployed,Active,LinkedIn,4.3,4,3,0,1/11/2020,0,1
Khonsa Qurrotul Ain,10147,Belum Menikah,Single,P,Prohire,Back End Developer,Junior,Fully meets,IHX,Squad C,04/17/86,Jawa,1/10/2011,4/1/2018,unhappy,Voluntarily Terminated,CareerBuilder,4,4,4,0,2/3/2017,0,4
Kushal Choudhary,10148,Menikah,Widowed,P,Prohire,Front End Developer,Middle,Fully meets,EWD,Get Support,11/11/1989,Padang,11/7/2011,4/24/2016,maternity leave - did not return,Voluntarily Terminated,Google Search,4.5,5,5,0,3/30/2014,0,2
Lando Rinov Siahaan,10149,Belum Menikah,Single,L,TKP/ Outsource,Back End Developer,Junior,Need improvement,FIN,Bonum,01/19/76,Cina,9/30/2013,,N/A-StillEmployed,Active,Indeed,3.07,3,4,0,1/23/2020,0,10
Lazuardi Firdaus,10150,Belum Menikah,Single,L,TKP/ Outsource,Back End Developer,Senior,Average,IHL,IndiHome Smart,11/27/79,Sunda,8/19/2013,,N/A-StillEmployed,Active,Indeed,4.3,4,5,0,1/22/2020,0,13
Luluauliayana Sadjugo,10151,Menikah,Married,P,TKP/ Outsource,Back End Developer,Senior,Average,VGA,UseeTV Go,09/21/54,Padang,7/2/2012,,N/A-StillEmployed,Active,Indeed,4.83,5,3,0,1/17/2020,0,10
Luqman Aminullah,10152,Belum Menikah,Single,P,TKP/ Outsource,System Documentation,Middle,Fully meets,FIN,Platform,8/12/1973,Bali,9/26/2011,6/4/2017,more money,Voluntarily Terminated,Google Search,3.6,4,5,0,3/1/2016,0,16
M Aidiel Rachman Putra,10153,Menikah,Pernah Menikah/Bercerai,P,TKP/ Outsource,Scrum Master,Junior,Exceed,COM,ChatAja,8/10/1970,Padang,9/26/2011,1/9/2016,more money,Voluntarily Terminated,Google Search,3.49,3,4,0,1/30/2014,0,6
M Fadli Yoga Prawira,10154,Menikah,Pernah Menikah/Bercerai,L,TKP/ Outsource,Front End Developer,Junior,Exceed,COM,UMEETME,10/11/1977,Sunda,2/17/2014,,N/A-StillEmployed,Active,LinkedIn,3.1,3,3,0,2/6/2020,0,3
M Iqbal,10155,Menikah,Pernah Menikah/Bercerai,L,TKP/ Outsource,Front End Developer,Junior,Special treatment,VGA,Ads Based,2/2/1980,Bali,1/10/2011,,N/A-StillEmployed,Active,Indeed,3.38,3,3,0,1/21/2020,0,17
M Luthfi Ridhwan,10156,Belum Menikah,Single,L,Prohire,Front End Developer,Middle,Exceed,VGA,IndiBOX Apps,02/24/69,Jawa,3/7/2011,,N/A-StillEmployed,Active,Diversity Job Fair,3.65,4,5,0,1/17/2020,0,20
M. Abdurrahman Lathief Pratama,10157,Menikah,Widowed,L,Prohire,Back End Developer,Junior,Fully meets,IHL,IndiHome Music,04/23/86,Sunda,11/10/2014,,N/A-StillEmployed,Active,Employee Referral,4.46,4,5,6,1/7/2020,0,7
M. Afsori,10158,Belum Menikah,Single,L,Prohire,Back End Developer,Junior,Exceed,VGA,UseeTV Go,1/7/1972,Cina,1/10/2011,12/12/2017,attendance,Terminated for Cause,Employee Referral,4.78,5,4,0,2/15/2016,0,9
M. Bahtiar,10159,Belum Menikah,Single,P,Prohire,UI Designer,Junior,Fully meets,EDU,Squad Pijar Corpu,07/25/79,Cina,1/7/2013,3/31/2016,Another position,Voluntarily Terminated,Indeed,4.52,5,3,0,2/20/2015,0,20
M. Ridwan,10160,Belum Menikah,Single,L,TKP/ Outsource,Business Analyst,Middle,Exceed,EDU,Squad Pijar Mahir,9/12/1986,Padang,7/9/2012,,N/A-StillEmployed,Active,LinkedIn,5,5,5,0,2/4/2020,0,13
M. Sifaun Niam,10161,Belum Menikah,Single,L,TKP/ Outsource,Business Analyst,Junior,Special treatment,EWD,Product & Content Management System,04/26/84,Cina,1/6/2014,,N/A-StillEmployed,Active,Website,5,5,4,4,1/17/2020,0,3
M.Khairi Usman,10162,Menikah,Married,L,Prohire,Business Analyst,Junior,Exceed,EWD,Progressive Web App,9/5/1984,Sunda,4/2/2012,4/15/2015,more money,Voluntarily Terminated,Google Search,4.9,5,3,0,2/20/2014,0,20
Magfira Fairuz,10163,Menikah,Married,P,Prohire,Business Analyst,Junior,Exceed,EWD,Activate & Install,06/14/87,Cina,10/2/2016,,N/A-StillEmployed,Active,Indeed,4.1,4,5,7,1/8/2020,0,2
Mahardicka Nurachman,10164,Menikah,Pernah Menikah/Bercerai,P,Prohire,Front End Developer,Junior,Exceed,LGT,Logee Truck Web,01/17/79,Padang,9/26/2011,8/19/2020,return to school,Voluntarily Terminated,CareerBuilder,4.88,5,3,0,7/2/2018,0,17
Maman Imtiyaz,10165,Belum Menikah,Single,L,TKP/ Outsource,Back End Developer,Junior,Exceed,IHX,Squad B,10/6/1984,Sunda,1/5/2016,,N/A-StillEmployed,Active,CareerBuilder,4.1,4,4,0,1/28/2020,0,20
Mauliawan Prima Santosa,10166,Menikah,Married,L,TKP/ Outsource,UX Designer,Junior,Fully meets,VGA,IndiBOX Apps,2/9/1982,Sunda,5/14/2012,,N/A-StillEmployed,Active,Google Search,4.1,4,3,0,2/22/2020,0,10
Meidiana Aprilliani,10167,Menikah,Widowed,L,TKP/ Outsource,Front End Developer,Junior,Exceed,VGA,UseeTV Go,12/27/88,Bali,4/30/2012,,N/A-StillEmployed,Active,Website,4.53,5,3,0,1/29/2020,0,16
Mesakh,10168,Menikah,Widowed,P,TKP/ Outsource,Product Owner,Junior,Average,LGT,Logee Truck Apps,10/26/81,Cina,9/30/2013,,N/A-StillEmployed,Active,Website,4.1,4,3,0,1/21/2020,0,11
Mochamad Ramdhan,10169,Menikah,Widowed,P,TKP/ Outsource,Scrum Master,Middle,Special treatment,EDU,Squad Pijar Sekolah,03/26/81,Padang,7/5/2011,9/26/2020,unhappy,Voluntarily Terminated,Indeed,3.18,3,4,0,3/2/2019,0,16
Moh Anang Nur Aji Pambudi,10170,Menikah,Married,L,Prohire,UX Researcher,Junior,Fully meets,EDU,Squad Pijar Sekolah,03/19/79,Cina,7/8/2013,,N/A-StillEmployed,Active,LinkedIn,4,4,3,0,2/18/2020,0,7
Mohamad Rinaldy,10171,Menikah,Pernah Menikah/Bercerai,P,Prohire,Front End Developer,Middle,Need improvement,EDU,Squad Pijar Sekolah,5/10/1988,Bali,1/21/2011,,N/A-StillEmployed,Active,Diversity Job Fair,4.64,5,4,5,1/25/2020,0,14
Mohammad Alhafidz Permana Baskoro,10172,Menikah,Married,P,TKP/ Outsource,Digital Product Manager,Junior,Special treatment,ENT,MyPertamina,12/26/76,Padang,7/8/2013,9/15/2018,more money,Voluntarily Terminated,LinkedIn,4.65,5,4,0,6/10/2017,0,15
Mohammad Zamal Syahputra,10173,Menikah,Pernah Menikah/Bercerai,P,TKP/ Outsource,Digital Product Manager,Junior,Fully meets,HLT,Pre Vaksinasi,03/28/82,Padang,8/19/2013,,N/A-StillEmployed,Active,Indeed,4.2,4,4,0,2/12/2020,0,19
Mohammed Ammad,10174,Belum Menikah,Single,P,TKP/ Outsource,UI Designer,Senior,Fully meets,COM,ChatAja,10/22/75,Bali,2/16/2015,,N/A-StillEmployed,Active,Website,5,5,3,0,1/23/2020,0,6
Mona Turisna Nasution,10175,Belum Menikah,Single,P,TKP/ Outsource,UI Designer,Junior,Average,VGA,UseeTV Go,02/14/73,Cina,11/7/2011,11/14/2017,Another position,Voluntarily Terminated,Diversity Job Fair,5,5,4,0,2/2/2016,0,17
Muhamad,10176,Menikah,Married,L,TKP/ Outsource,Back End Developer,Junior,Average,FIN,MPS,9/11/1972,Sunda,9/24/2012,9/26/2019,hours,Voluntarily Terminated,Indeed,3.08,3,4,0,4/1/2018,0,18
Muhamad Hanif Abiyoga,10177,Belum Menikah,Single,P,TKP/ Outsource,Back End Developer,Junior,Average,IHX,Squad A,7/7/1986,Sunda,1/6/2014,,N/A-StillEmployed,Active,LinkedIn,4.6,5,4,0,2/26/2020,0,14
Muhamad Son'ani,10178,Menikah,Married,P,TKP/ Outsource,Back End Developer,Senior,Exceed,FIN,Platform,08/25/76,Cina,5/11/2016,,N/A-StillEmployed,Active,LinkedIn,5,5,3,0,1/21/2020,0,4
Muhamad Syaifurrahman Muhtarom,10179,Belum Menikah,Single,P,TKP/ Outsource,Front End Developer,Junior,Exceed,ENT,HunianAja,10/12/1986,Cina,7/5/2011,8/19/2014,Another position,Voluntarily Terminated,LinkedIn,5,5,4,0,7/2/2013,0,16
Muhammad Abdurrahim Suwandi,10180,Belum Menikah,Single,P,TKP/ Outsource,Product Owner,Junior,Fully meets,Com,DTP Com,7/11/1974,Jawa,11/11/2013,,N/A-StillEmployed,Active,LinkedIn,4.1,4,3,0,1/22/2020,0,11
Muhammad Afthon,10181,Menikah,Pernah Menikah/Bercerai,P,Prohire,Product Owner,Middle,Special treatment,COM,UMEETME,7/11/1987,Cina,11/11/2013,,N/A-StillEmployed,Active,Google Search,4.5,5,5,4,1/14/2020,0,14
Muhammad Agiet Putra,10182,Belum Menikah,Single,P,Prohire,Product Owner,Middle,Exceed,EWD,Get Support,11/22/77,Jawa,5/31/2011,,N/A-StillEmployed,Active,Indeed,5,5,4,0,1/10/2020,0,8
Muhammad Akmalul Ginan,10183,Menikah,Widowed,P,TKP/ Outsource,Business Analyst,Junior,Exceed,FIN,GTM,05/21/87,Bali,3/30/2015,,N/A-StillEmployed,Active,LinkedIn,5,5,5,0,2/7/2020,0,16
Muhammad Andika Tata,10184,Belum Menikah,Single,P,TKP/ Outsource,Business Analyst,Junior,Fully meets,ENT,MyPertamina,7/1/1987,Jawa,1/7/2013,,N/A-StillEmployed,Active,CareerBuilder,3.93,4,3,0,1/30/2020,0,20
Muhammad Attallah Zhuhry,10185,Menikah,Married,L,TKP/ Outsource,Product Owner,Middle,Average,FIN,Bonum,1/7/1984,Cina,7/6/2016,,N/A-StillEmployed,Active,Website,3.4,3,4,0,1/29/2020,0,7
Muhammad Faishal Ramadhan,10186,Menikah,Pernah Menikah/Bercerai,P,TKP/ Outsource,Business Analyst,Junior,Exceed,COM,UMEETME,05/30/68,Jawa,4/2/2012,11/11/2018,Another position,Voluntarily Terminated,Diversity Job Fair,4.18,4,4,0,2/5/2017,0,17
Muhammad Fauzi,10187,Belum Menikah,Single,P,TKP/ Outsource,Business Analyst,Junior,Average,FIN,Inpoin,09/22/76,Padang,3/30/2015,,N/A-StillEmployed,Active,CareerBuilder,5,5,4,0,1/21/2020,0,10
Muhammad Febriansyah,10188,Menikah,Married,L,Karyawan Organik,Business Analyst,Middle,Fully meets,IHX,Squad B,10/8/1981,Jawa,8/16/2012,,N/A-StillEmployed,Active,Indeed,4.37,4,3,0,1/14/2020,0,2
Muhammad Ilham Rilambang,10189,Belum Menikah,Single,L,Karyawan Organik,Product Owner,Junior,Exceed,EWD,Explore,06/29/85,Cina,8/15/2011,9/4/2016,unhappy,Voluntarily Terminated,LinkedIn,3,3,2,0,1/14/2014,6,6
Muhammad Indrawan,10190,Menikah,Widowed,L,TKP/ Outsource,Product Owner,Middle,Average,COM,ChatAja,08/17/92,Cina,11/7/2011,,N/A-StillEmployed,Active,LinkedIn,3.7,4,3,0,1/8/2020,0,14
Muhammad Jamaludin,10191,Menikah,Pernah Menikah/Bercerai,L,TKP/ Outsource,Product Owner,Junior,Average,COM,OCA,5/10/1986,Jawa,2/15/2012,,N/A-StillEmployed,Active,Diversity Job Fair,2.39,2,3,6,2/22/2020,4,13
Muhammad Maulana Darrel Monty,10192,Belum Menikah,Single,P,TKP/ Outsource,Business Analyst,Junior,Fully meets,FIN,GTM,04/24/70,Padang,5/13/2013,,N/A-StillEmployed,Active,Indeed,4.7,5,3,0,1/14/2020,0,1
Muhammad Maulana Hadi,10193,Menikah,Married,L,TKP/ Outsource,Product Owner,Junior,Fully meets,FIN,GTM,3/12/1976,Bali,1/9/2012,,N/A-StillEmployed,Active,Diversity Job Fair,4.1,4,4,0,1/31/2020,0,12
Muhammad Misbah Arya Lugina,10194,Menikah,Pernah Menikah/Bercerai,P,TKP/ Outsource,UI Designer,Junior,Average,FIN,Inpoin,4/4/1979,Sunda,2/16/2015,,N/A-StillEmployed,Active,CareerBuilder,3.81,4,3,6,2/11/2020,0,6
Muhammad Raihan Nismara,10195,Belum Menikah,Single,P,TKP/ Outsource,UX Designer,Junior,Average,EDU,Squad Pijar Corpu,7/7/1984,Padang,4/1/2013,,N/A-StillEmployed,Active,LinkedIn,4.4,4,4,0,1/17/2020,0,18
Muhammad Rajab Priharsanto,10196,Belum Menikah,Single,L,TKP/ Outsource,UI Designer,Junior,Average,EDU,Squad Pijar Mahir,1/12/1974,Sunda,5/13/2013,,N/A-StillEmployed,Active,LinkedIn,4.29,4,5,0,1/28/2020,0,11
Muhammad Risano Akbar,10197,Belum Menikah,Single,L,TKP/ Outsource,UX Designer,Junior,Fully meets,EWD,Delivery & Project Mgt,04/18/80,Jawa,7/8/2013,,N/A-StillEmployed,Active,LinkedIn,4.1,4,4,0,1/22/2020,0,13
Muhammad Rizki Nofsyiami,10198,Menikah,Pernah Menikah/Bercerai,L,TKP/ Outsource,UI Designer,Junior,Need improvement,EWD,Refactoring New IA,04/25/70,Padang,2/10/2017,,N/A-StillEmployed,Active,Indeed,5,5,3,6,2/25/2020,0,17
Muhammad Rizqi Mubarak,10199,Belum Menikah,Single,L,TKP/ Outsource,UI Designer,Junior,Exceed,ENT,MyPertamina,2/5/1989,Jawa,9/26/2011,4/4/2016,return to school,Voluntarily Terminated,Diversity Job Fair,4.3,4,3,0,3/2/2014,0,19
Muhammad Rozinul Mahrus,10200,Menikah,Married,L,TKP/ Outsource,UX Designer,Middle,Average,EDU,Squad Service Core,03/28/83,Bali,4/1/2013,5/25/2018,more money,Voluntarily Terminated,Employee Referral,3.18,3,3,0,3/6/2017,0,10
Muhammad Sidiq,10201,Menikah,Widowed,L,TKP/ Outsource,UI Designer,Middle,Average,COM,UMEETME,8/4/1977,Bali,5/12/2014,,N/A-StillEmployed,Active,LinkedIn,5,5,5,0,2/18/2020,0,11
Nabilla,10202,Menikah,Widowed,P,TKP/ Outsource,UX Writer,Junior,Fully meets,Com,DTP Com,3/6/1967,Sunda,4/1/2013,,N/A-StillEmployed,Active,Diversity Job Fair,4,4,3,0,2/13/2020,0,12
Nanda Yusuf,10203,Menikah,Widowed,P,TKP/ Outsource,UX Designer,Junior,Average,COM,UMEETME,03/31/89,Jawa,7/8/2013,,N/A-StillEmployed,Active,Indeed,5,5,5,0,1/25/2020,0,2
Naufal Rasyad,10204,Belum Menikah,Single,P,TKP/ Outsource,UX Writer,Junior,Fully meets,EDU,Squad Pijar Corpu,7/7/1984,Bali,7/8/2013,,N/A-StillEmployed,Active,LinkedIn,3.6,4,5,0,1/2/2020,0,4
Naufal Rizky Pratama,10205,Menikah,Widowed,P,TKP/ Outsource,Artificial Intelligent,Junior,Average,EDU,Squad Pijar Mahir,11/23/85,Cina,11/10/2014,,N/A-StillEmployed,Active,Indeed,4.53,5,5,0,1/16/2020,0,5
Nila Herlina,10206,Belum Menikah,Single,P,Prohire,UI Designer,Junior,Exceed,IHX,Squad C,09/30/80,Bali,3/31/2014,5/1/2020,performance,Terminated for Cause,LinkedIn,2.33,2,2,0,3/9/2019,6,3
Nurisyani,10207,Menikah,Married,P,Prohire,Back End Developer,Junior,Average,LGT,Logee Truck All Product,11/2/1952,Bali,5/14/2012,8/19/2015,unhappy,Voluntarily Terminated,LinkedIn,5,5,3,0,7/2/2014,0,17
Nurkhasanah,10208,Belum Menikah,Single,P,Prohire,Back End Developer,Junior,Need improvement,COM,OCA,11/5/1990,Sunda,9/30/2013,,N/A-StillEmployed,Active,Indeed,4.28,4,3,0,1/25/2020,0,1
Peni Kurniawati,10209,Belum Menikah,Single,L,Prohire,Front End Developer,Junior,Fully meets,FIN,Platform,11/12/1976,Padang,9/30/2013,,N/A-StillEmployed,Active,LinkedIn,5,5,3,0,2/7/2020,0,13
Prajna Vira,10210,Belum Menikah,Single,L,Prohire,Front End Developer,Junior,Fully meets,FIN,Platform,11/24/79,Bali,2/17/2014,,N/A-StillEmployed,Active,LinkedIn,4.25,4,3,0,2/4/2020,4,6
Pratama Agung Sumirat,10211,Belum Menikah,Single,L,Prohire,Front End Developer,Junior,Exceed,FIN,Platform,05/19/82,Cina,1/5/2015,,N/A-StillEmployed,Active,Website,5,5,5,0,1/14/2020,0,18
Prita Normanita,10212,Belum Menikah,Single,P,Prohire,Front End Developer,Junior,Average,ENT,MyPertamina,1/5/1979,Bali,2/7/2011,1/12/2016,Another position,Voluntarily Terminated,Google Search,3.89,4,4,0,3/4/2014,0,7
Qaedif Fuadillah,10213,Menikah,Pernah Menikah/Bercerai,L,TKP/ Outsource,Back End Developer,Junior,Special treatment,COM,UMEETME,02/20/79,Jawa,11/7/2011,9/7/2017,Another position,Voluntarily Terminated,Diversity Job Fair,5,5,5,3,8/16/2016,0,13
Qalfin Qallista Turandy,10214,Menikah,Pernah Menikah/Bercerai,L,TKP/ Outsource,Mobile Developer Android,Middle,Average,EWD,RPA & Profitability,5/9/1984,Jawa,12/1/2014,5/1/2018,performance,Voluntarily Terminated,Employee Referral,4.7,5,4,5,1/16/2017,0,19
R Aditya Prastyawan,10215,Belum Menikah,Single,L,TKP/ Outsource,Back End Developer,Junior,Exceed,EDU,Squad Pijar Mahir,03/17/88,Cina,1/10/2011,12/28/2019,career change,Voluntarily Terminated,Google Search,3.54,4,5,0,4/6/2018,4,15
R. Abimanyu Sutomo,10216,Menikah,Pernah Menikah/Bercerai,P,TKP/ Outsource,Back End Developer,Senior,Exceed,ENT,HunianAja,07/18/89,Cina,7/5/2011,9/15/2017,unhappy,Voluntarily Terminated,CareerBuilder,2.4,2,5,0,2/6/2016,5,2
Rachman Teja,10217,Menikah,Married,P,Karyawan Organik,Back End Developer,Junior,Exceed,LGT,Logee Port (Maintainer),07/20/86,Padang,5/16/2011,10/25/2017,medical issues,Voluntarily Terminated,LinkedIn,3.45,3,4,0,5/13/2015,0,5
Raden Syamsa Nur Ashari Mahmud,10218,Menikah,Widowed,P,Karyawan Organik,Front End Developer,Senior,Average,LGT,Logee Truck All Product,08/17/86,Cina,5/16/2011,2/4/2015,more money,Voluntarily Terminated,Indeed,4.2,4,5,0,1/10/2014,0,12
Rahadian Ardya K,10219,Menikah,Pernah Menikah/Bercerai,P,Prohire,Back End Developer,Middle,Fully meets,EWD,Sales Cycle   ,9/5/1977,Padang,10/25/2010,5/18/2018,Another position,Voluntarily Terminated,Indeed,4.16,4,5,0,3/5/2016,0,6
Rahardian Agung Wardana,10220,Belum Menikah,Single,P,Prohire,Mobile Developer Android,Middle,Need improvement,LGT,Logee Port,10/3/1979,Bali,4/2/2012,,N/A-StillEmployed,Active,LinkedIn,4.3,4,3,0,1/14/2020,0,14
Rahmat Agus Nuryady,10221,Belum Menikah,Single,P,TKP/ Outsource,Back End Developer,Middle,Fully meets,HLT,PeduliLindungi,09/16/84,Sunda,11/10/2014,,N/A-StillEmployed,Active,Employee Referral,4.6,5,5,7,1/4/2020,0,16
Rahmat Prastyo,10222,Belum Menikah,Single,L,TKP/ Outsource,Back End Developer,Middle,Exceed,FIN,Platform,6/3/1988,Sunda,7/5/2011,11/30/2014,more money,Voluntarily Terminated,Google Search,5,5,3,0,2/20/2013,0,13
Rahmat Saefullah,10223,Belum Menikah,Single,L,TKP/ Outsource,Back End Developer,Middle,Exceed,COM,UMEETME,11/23/81,Sunda,11/5/2007,,N/A-StillEmployed,Active,Google Search,3.66,4,3,0,2/25/2020,0,15
Rani Triani Gustia,10224,Menikah,Widowed,P,TKP/ Outsource,Back End Developer,Middle,Exceed,COM,UMEETME,08/29/88,Sunda,1/9/2012,,N/A-StillEmployed,Active,Website,4.2,4,5,0,2/1/2020,0,9
Rd Muhamad Rahadi Sampurna,10225,Menikah,Married,P,TKP/ Outsource,Front End Developer,Junior,Average,EDU,Squad Control Tower,10/15/84,Padang,5/16/2011,6/4/2020,Another position,Voluntarily Terminated,Google Search,3.17,3,4,0,4/2/2019,0,14
Refal Pradama Dahlan,10226,Belum Menikah,Single,L,TKP/ Outsource,Back End Developer,Middle,Average,EDU,Squad Pijar Sekolah,06/19/61,Bali,1/6/2014,,N/A-StillEmployed,Active,Employee Referral,4.8,5,3,0,1/7/2020,0,14
Rendy Kenan Eliazar,10227,Menikah,Widowed,P,TKP/ Outsource,Back End Developer,Senior,Average,IHX,Squad B,09/22/70,Jawa,9/24/2012,6/18/2015,unhappy,Voluntarily Terminated,Indeed,4.5,5,5,0,4/2/2014,0,16
Renita Dewi,10228,Menikah,Pernah Menikah/Bercerai,L,Prohire,Front End Developer,Middle,Fully meets,IHX,Squad C,6/11/1984,Jawa,2/21/2011,8/15/2017,career change,Voluntarily Terminated,Diversity Job Fair,4.15,4,4,0,4/19/2015,0,4
Resskytha Permata Sari,10229,Belum Menikah,Single,P,Prohire,Front End Developer,Senior,Average,IHX,Squad D,12/5/1980,Padang,10/2/2016,,N/A-StillEmployed,Active,Indeed,4.4,4,4,6,2/6/2020,0,10
Reva Histro Wiki Fonseca,10230,Menikah,Married,L,TKP/ Outsource,Back End Developer,Middle,Fully meets,IHX,Squad A,12/31/84,Padang,9/26/2011,4/7/2020,more money,Voluntarily Terminated,Indeed,3.8,4,5,0,2/4/2019,0,19
Rheznandya Daffi Pradipta,10231,Belum Menikah,Single,L,Prohire,Mobile Developer Android,Middle,Average,EWD,Data & Dashboard Analytics,12/10/1954,Jawa,5/12/2014,,N/A-StillEmployed,Active,CareerBuilder,3.98,4,3,0,1/28/2020,0,4
Rian Sopiyan,10232,Belum Menikah,Single,L,Prohire,System Documentation,Junior,Exceed,EWD,Payment - SSOF,07/22/82,Bali,5/16/2011,1/15/2018,retiring,Voluntarily Terminated,LinkedIn,5,5,4,0,3/30/2016,0,11
Rivano Dwi Hervan,10233,Menikah,Widowed,P,TKP/ Outsource,Front End Developer,Middle,Average,FIN,MPS,12/1/1973,Jawa,11/28/2011,,N/A-StillEmployed,Active,Google Search,4.36,4,5,0,2/11/2020,0,16
Rizal Prasetya Nugraha,10234,Belum Menikah,Single,P,TKP/ Outsource,Front End Developer,Junior,Exceed,COM,UMEETME,5/9/1981,Padang,9/26/2011,10/22/2013,return to school,Voluntarily Terminated,Google Search,4.5,5,4,0,10/22/2012,0,10
Rizka Annisa Kurniasari,10235,Menikah,Widowed,L,TKP/ Outsource,Front End Developer,Junior,Exceed,EDU,Squad Control Tower,3/7/1972,Sunda,7/5/2011,2/8/2014,Another position,Voluntarily Terminated,Indeed,4.2,4,5,0,1/6/2013,0,13
Rizky Febrianto,10236,Menikah,Married,L,TKP/ Outsource,Front End Developer,Junior,Fully meets,EDU,Squad Pijar Corpu,7/1/1974,Jawa,1/10/2011,1/26/2018,attendance,Voluntarily Terminated,Indeed,5,5,3,0,1/10/2016,0,11
Rizky Ramadhan Subagio,10237,Belum Menikah,Single,P,TKP/ Outsource,Front End Developer,Junior,Average,EWD,Explore,7/1/1985,Jawa,1/10/2011,5/17/2018,attendance,Terminated for Cause,Indeed,3.6,4,3,0,4/5/2017,4,16
Rudi Indra Putranto,10238,Belum Menikah,Single,L,TKP/ Outsource,Front End Developer,Middle,Fully meets,EWD,Product & Content Management System,01/28/85,Padang,7/8/2013,,N/A-StillEmployed,Active,Employee Referral,3.6,4,5,0,2/11/2020,0,4
Ryan Brama,10239,Belum Menikah,Single,P,TKP/ Outsource,Back End Developer,Middle,Average,EWD,Progressive Web App,11/10/1981,Cina,2/16/2015,,N/A-StillEmployed,Active,Employee Referral,3.69,4,5,6,2/14/2020,0,15
Salma Adilah Putri,10240,Menikah,Married,P,TKP/ Outsource,Back End Developer,Middle,Average,VGA,Ads Based,05/27/73,Cina,1/5/2015,11/10/2020,Another position,Voluntarily Terminated,LinkedIn,3.88,4,3,7,2/13/2019,0,12
Salma Rizqi Fadhila,10241,Menikah,Married,P,TKP/ Outsource,Front End Developer,Middle,Exceed,VGA,IndiBOX Apps,11/21/72,Cina,1/7/2017,,N/A-StillEmployed,Active,Indeed,4.94,5,3,5,2/6/2020,0,17
Salsabila Nur Fitria,10242,Menikah,Widowed,P,Prohire,Mobile Developer Android,Middle,Fully meets,VGA,UseeTV Go,5/12/1974,Cina,1/6/2014,,N/A-StillEmployed,Active,Website,5,5,4,0,1/31/2020,0,8
Samnursanto,10243,Belum Menikah,Single,L,TKP/ Outsource,Mobile Developer Android,Middle,Average,ENT,MyPertamina,03/18/87,Sunda,4/4/2011,8/13/2020,Another position,Voluntarily Terminated,Google Search,5,5,5,0,7/2/2019,0,4
Sarah Mutia Putri,10244,Menikah,Married,L,Prohire,Back End Developer,Middle,Average,FIN,Bonum,5/4/1973,Padang,1/20/2013,,N/A-StillEmployed,Active,Indeed,3.6,4,5,7,2/18/2020,0,13
Sayed Muzammil,10245,Belum Menikah,Single,L,Prohire,Mobile Developer Android,Middle,Exceed,COM,Vutura,4/1/1964,Cina,1/9/2012,11/4/2017,hours,Voluntarily Terminated,Diversity Job Fair,4.3,4,4,6,1/4/2016,0,8
Setiawan Restu Aji,10246,Menikah,Widowed,P,Prohire,Mobile Developer Android,Middle,Need improvement,HLT,PeduliLindungi,07/24/86,Bali,11/5/2012,,N/A-StillEmployed,Active,Indeed,4.2,4,3,6,2/13/2020,0,2
Shabrina Fitri Ningtyas,10247,Belum Menikah,Single,P,Prohire,Mobile Developer iOS,Middle,Fully meets,VGA,IndiBOX Apps,6/6/1968,Padang,7/4/2016,,N/A-StillEmployed,Active,Diversity Job Fair,2.6,3,4,0,2/18/2020,5,4
Shania Tri Sakanti,10248,Menikah,Widowed,L,TKP/ Outsource,Back End Developer,Junior,Need improvement,EDU,Squad Pijar Corpu,12/21/74,Cina,1/5/2009,7/30/2020,relocation out of area,Voluntarily Terminated,Google Search,4.6,5,5,0,2/5/2019,0,7
Shelly Ciptantiani,10249,Belum Menikah,Single,L,TKP/ Outsource,Back End Developer,Junior,Fully meets,EDU,Squad Pijar Mahir,04/26/86,Padang,8/30/2010,,N/A-StillEmployed,Active,CareerBuilder,4.1,4,3,0,1/10/2020,0,13
Shepthia Dwina Suwandi,10250,Menikah,Widowed,L,Prohire,Front End Developer,Junior,Special treatment,EDU,Squad Service Core,12/17/87,Jawa,1/5/2015,10/31/2017,hours,Voluntarily Terminated,LinkedIn,4.2,4,3,5,4/20/2016,0,2
Slamet Rahayu,10251,Belum Menikah,Single,P,Prohire,Back End Developer,Junior,Average,HLT,PeduliLindungi,10/7/1988,Jawa,9/29/2014,,N/A-StillEmployed,Active,LinkedIn,3.51,4,3,0,2/18/2020,0,2
Sony Kusuma Istri,10252,Belum Menikah,Single,P,Prohire,Front End Developer,Junior,Need improvement,HLT,Vaksinasi,10/3/1975,Jawa,9/30/2013,,N/A-StillEmployed,Active,Google Search,5,5,5,0,2/6/2020,0,14
Sourabh Sharma,10253,Belum Menikah,Single,P,Prohire,Front End Developer,Junior,Average,IHX,Squad C,04/14/81,Cina,9/30/2014,,N/A-StillEmployed,Active,LinkedIn,3.31,3,3,6,1/7/2020,0,7
Sri Reski Anita Muhsini,10254,Menikah,Pernah Menikah/Bercerai,P,TKP/ Outsource,Back End Developer,Junior,Average,COM,ChatAja,08/24/85,Sunda,8/19/2013,,N/A-StillEmployed,Active,LinkedIn,4.81,5,4,0,2/15/2020,0,15
Sulala Rugaya,10255,Menikah,Widowed,L,TKP/ Outsource,DevOps Engineer,Junior,Fully meets,COM,UMEETME,8/2/1970,Sunda,1/5/2015,,N/A-StillEmployed,Active,Employee Referral,3.32,3,3,7,1/14/2020,0,16
Syaukat Rafifidhiya Zubaidi,10256,Belum Menikah,Single,P,TKP/ Outsource,Front End Developer,Junior,Average,FIN,MPS,05/19/88,Sunda,5/1/2015,,N/A-StillEmployed,Active,Website,5,5,3,5,1/15/2020,0,2
Tamie Mauretta,10257,Menikah,Married,P,TKP/ Outsource,Back End Developer,Junior,Exceed,IHX,Squad B,11/25/87,Cina,10/26/2009,4/8/2017,maternity leave - did not return,Voluntarily Terminated,CareerBuilder,4.68,5,4,0,4/2/2016,0,20
Thalita Aprilla Rachma Dara,10258,Menikah,Widowed,L,Prohire,Back End Developer,Junior,Fully meets,IHX,Squad D,10/30/63,Jawa,9/29/2014,,N/A-StillEmployed,Active,Indeed,4.3,4,3,0,1/28/2020,0,4
Tri Lika Jayanti Budi Ranti,10259,Belum Menikah,Single,L,Prohire,System Documentation,Junior,Exceed,VGA,IndiBOX Apps,08/16/84,Cina,5/18/2014,,N/A-StillEmployed,Active,Diversity Job Fair,2.4,2,4,0,1/16/2020,2,16
Try Satria Amanattullah,10260,Menikah,Pernah Menikah/Bercerai,P,Prohire,Front End Developer,Junior,Exceed,ENT,MyPertamina,06/14/87,Padang,9/26/2011,9/25/2015,career change,Voluntarily Terminated,Diversity Job Fair,3.8,4,4,4,8/15/2014,0,17
Trya Lovenia,10261,Belum Menikah,Single,P,Prohire,Back End Developer,Junior,Need improvement,VGA,Ads Based,2/2/1965,Bali,11/11/2013,,N/A-StillEmployed,Active,Employee Referral,3.73,4,3,0,1/24/2020,0,16
Ulfah Nuraeni,10262,Belum Menikah,Single,P,Prohire,Back End Developer,Junior,Average,VGA,UseeTV Go,12/3/1973,Jawa,6/10/2011,,N/A-StillEmployed,Active,LinkedIn,4.3,4,3,5,2/8/2020,0,19
Vanda Ayu Nintyas,10263,Belum Menikah,Single,L,TKP/ Outsource,Back End Developer,Junior,Exceed,VGA,UseeTV Go,9/2/1983,Padang,6/30/2016,,N/A-StillEmployed,Active,LinkedIn,3.27,3,4,5,1/14/2020,0,13
Verina Riska,10264,Menikah,Married,P,TKP/ Outsource,Front End Developer,Senior,Average,COM,ChatAja,07/20/68,Bali,2/20/2012,,N/A-StillEmployed,Active,Indeed,2.4,2,2,1,2/25/2020,6,20
Wahyu Widi Purwoko,10265,Menikah,Pernah Menikah/Bercerai,P,TKP/ Outsource,Back End Developer,Senior,Exceed,IHX,Squad A,09/30/75,Padang,10/2/2012,,N/A-StillEmployed,Active,LinkedIn,4.83,5,5,0,2/14/2020,0,15
Wawan Agus Hendrayadi,10266,Belum Menikah,Single,P,TKP/ Outsource,Back End Developer,Senior,Average,COM,UMEETME,03/26/73,Bali,5/13/2013,6/29/2017,unhappy,Voluntarily Terminated,LinkedIn,4.1,4,4,0,3/2/2016,0,16
Widayat Tri Raharjo,10267,Menikah,Pernah Menikah/Bercerai,P,TKP/ Outsource,Front End Developer,Junior,Fully meets,ENT,NETMONK,08/25/82,Padang,1/10/2011,,N/A-StillEmployed,Active,Google Search,4.1,4,4,0,2/7/2020,0,9
Widdesto Ari Yudistiro,10268,Menikah,Pernah Menikah/Bercerai,L,TKP/ Outsource,Front End Developer,Junior,Average,FIN,Bonum,9/5/1974,Jawa,5/12/2014,,N/A-StillEmployed,Active,Website,1.81,2,2,0,1/17/2020,3,5
Wina Klarissa Salsabila,10269,Belum Menikah,Single,L,TKP/ Outsource,Back End Developer,Senior,Average,COM,ChatAja,1/9/1986,Jawa,9/29/2014,,N/A-StillEmployed,Active,Indeed,3.9,4,5,5,1/18/2020,0,9
Winda Devita,10270,Belum Menikah,Single,L,TKP/ Outsource,Mobile Developer Android,Junior,Average,FIN,Bonum,03/14/85,Bali,2/17/2014,,N/A-StillEmployed,Active,LinkedIn,4.7,5,3,0,1/11/2020,0,4
Yanuar Ramadhani Achmadianto,10271,Belum Menikah,Single,P,TKP/ Outsource,Back End Developer,Senior,Exceed,IHX,Squad A,12/5/1989,Jawa,9/27/2010,,N/A-StillEmployed,Active,Indeed,4.1,4,4,0,1/31/2020,0,18
Yehezkiel Dwisandi Sabana,10272,Menikah,Married,P,Prohire,Mobile Developer Android,Senior,Special treatment,IHX,Squad D,03/28/78,Sunda,1/8/2009,,N/A-StillEmployed,Active,Indeed,3.73,4,4,0,1/24/2020,0,12
Yobel Galih Christian Dwiatma,10273,Menikah,Married,L,TKP/ Outsource,Mobile Developer Android,Senior,Fully meets,EWD,Payment - SSOF,7/10/1982,Padang,1/5/2015,,N/A-StillEmployed,Active,Google Search,4.36,4,5,0,1/24/2020,0,10
Yoga R Nuraziz,10274,Belum Menikah,Single,P,TKP/ Outsource,Back End Developer,Middle,Special treatment,COM,UMEETME,08/15/68,Cina,5/14/2012,,N/A-StillEmployed,Active,Indeed,3.4,3,5,0,1/31/2020,0,13
Yogi Prasetya,10275,Menikah,Pernah Menikah/Bercerai,L,Prohire,Back End Developer,Middle,Average,COM,ChatAja,6/5/1983,Sunda,7/7/2014,,N/A-StillEmployed,Active,LinkedIn,4.5,5,5,5,2/18/2020,0,1
Yohanes Dwiki Kurniawan,10276,Menikah,Pernah Menikah/Bercerai,L,TKP/ Outsource,Back End Developer,Senior,Exceed,Com,DTP Com,10/24/87,Cina,4/20/2017,,N/A-StillEmployed,Active,Indeed,3.4,3,3,6,1/2/2020,0,14
Yoyon Syafei,10277,Menikah,Pernah Menikah/Bercerai,P,TKP/ Outsource,Front End Developer,Junior,Need improvement,COM,Vutura,3/4/1975,Bali,4/27/2009,4/1/2015,Another position,Voluntarily Terminated,Diversity Job Fair,4.5,5,5,0,2/15/2013,0,11
Yuda Eka Putra,10278,Menikah,Widowed,P,TKP/ Outsource,System Documentation,Junior,Special treatment,EWD,Evaluate,05/24/53,Cina,5/16/2011,7/8/2019,Another position,Voluntarily Terminated,Google Search,3.93,4,3,0,4/18/2018,0,3
Yudhistira Rizky Ananda,10279,Menikah,Widowed,P,TKP/ Outsource,System Documentation,Middle,Exceed,EWD,Pay,7/5/1965,Padang,9/29/2014,,N/A-StillEmployed,Active,Indeed,3.69,4,3,0,1/28/2020,0,18
Yudi Suyudiana,10280,Menikah,Pernah Menikah/Bercerai,P,TKP/ Outsource,Back End Developer,Middle,Average,EDU,Squad Pijar Sekolah,9/5/1965,Padang,7/5/2011,9/5/2018,return to school,Voluntarily Terminated,Indeed,3.98,4,4,0,3/2/2017,0,1
Yudi Widiawan,10281,Belum Menikah,Single,L,TKP/ Outsource,Back End Developer,Junior,Exceed,EDU,Squad Service Core,09/16/75,Sunda,6/25/2007,8/30/2012,military,Voluntarily Terminated,Other,4.1,4,4,0,7/14/2011,0,15
Yuni Nuraeni,10282,Menikah,Widowed,P,TKP/ Outsource,Back End Developer,Junior,Fully meets,EDU,Squad Control Tower,5/6/1967,Padang,2/18/2013,,N/A-StillEmployed,Active,Indeed,4.21,4,5,0,1/14/2020,0,4
Yusril Firza,10283,Belum Menikah,Single,L,TKP/ Outsource,Back End Developer,Middle,Fully meets,EDU,Squad Pijar Corpu,01/15/68,Padang,1/9/2006,,N/A-StillEmployed,Active,Indeed,4.1,4,3,0,1/4/2020,0,6
Yusril Iqbal,10284,Menikah,Widowed,P,TKP/ Outsource,Back End Developer,Junior,Average,LGT,Logee Port,05/16/83,Bali,2/17/2014,,N/A-StillEmployed,Active,LinkedIn,2.44,2,5,0,2/11/2020,4,18
Zahrah,10285,Belum Menikah,Single,L,TKP/ Outsource,Front End Developer,Junior,Exceed,EDU,Squad Pijar Mahir,5/5/1988,Cina,1/5/2015,2/12/2018,medical issues,Voluntarily Terminated,CareerBuilder,5,5,3,5,4/15/2016,0,11
Zharfan Nugraha Permadi,10286,Menikah,Married,L,TKP/ Outsource,Back End Developer,Junior,Exceed,EDU,Squad Pijar Mahir,06/14/83,Bali,2/18/2013,4/15/2020,medical issues,Voluntarily Terminated,Diversity Job Fair,4.6,5,3,4,2/12/2018,0,9
Zia Ulhafidz Aldiansyah,10287,Belum Menikah,Single,P,TKP/ Outsource,Front End Developer,Senior,Special treatment,FIN,Platform,03/15/85,Sunda,1/10/2011,7/2/2016,unhappy,Voluntarily Terminated,LinkedIn,4.4,4,3,0,1/5/2015,0,5
